<?xml version="1.0" encoding="UTF-8"?>
<jcr:root xmlns:sling="http://sling.apache.org/jcr/sling/1.0" xmlns:granite="http://www.adobe.com/jcr/granite/1.0" xmlns:cq="http://www.day.com/jcr/cq/1.0" xmlns:jcr="http://www.jcp.org/jcr/1.0" xmlns:nt="http://www.jcp.org/jcr/nt/1.0"
          jcr:primaryType="cq:Page">
    <jcr:content jcr:primaryType="nt:unstructured">
        <actions jcr:primaryType="nt:unstructured">
            <secondary jcr:primaryType="nt:unstructured">
                <workfrontLink
                        granite:class="foundation-collection-action"
                        granite:rel="cq-damadmin-admin-workfront-link"
                        jcr:primaryType="nt:unstructured"
                        sling:orderBefore="selectall"
                        sling:resourceType="granite/ui/components/coral/foundation/collection/action"
                        hidden="hidden"
                        icon="workfront"
                        target=".cq-damadmin-admin-childpages"
                        text="Workfront"
                        variant="actionBar"/>
                <create jcr:primaryType="nt:unstructured">
                    <items jcr:primaryType="nt:unstructured">
                        <fileupload
                                jcr:primaryType="nt:unstructured"
                                sizeLimit="8589934591"/>
                    </items>
                </create>
            </secondary>
        </actions>
    </jcr:content>
    <managetags/>
</jcr:root>
